turf_id,scientific_name,common_name_spanish,common_name_english,aphia_id
MX_C_060,Callinectes spp,JAIBA,NA,NA
MX_C_199,Callinectes spp,JAIBA,NA,NA
MX_C_210,Callinectes spp,JAIBA,NA,NA
MX_C_208,Callinectes spp,JAIBA,NA,NA
MX_C_201,Callinectes spp,JAIBA,NA,NA
MX_C_199,Cardisoma guanhumi,CANGREJO AZUL,NA,NA
MX_C_201,Cardisoma guanhumi,CANGREJO AZUL,NA,NA
MX_C_022,Crassostrea iridescens,OSTION DE ROCA,NA,NA
MX_C_027,Crassostrea iridescens,OSTION DE ROCA,NA,NA
MX_C_026,Crassostrea iridescens,OSTION DE ROCA,NA,NA
MX_C_211,Crassostrea virginica,OSTION AMERICANO,NA,NA
MX_C_199,Crassostrea virginica,OSTION AMERICANO,NA,NA
MX_C_196,Crassostrea virginica,OSTION AMERICANO,NA,NA
MX_C_193,Crassostrea virginica,OSTION AMERICANO,NA,NA
MX_C_203,Crassostrea virginica,OSTION AMERICANO,NA,NA
MX_C_209,Crassostrea virginica,OSTION AMERICANO,NA,NA
MX_C_205,Crassostrea virginica,OSTION AMERICANO,NA,NA
MX_C_201,Crassostrea virginica,OSTION AMERICANO,NA,NA
MX_C_052,Gelidium,ALGAS MARINAS,NA,NA
MX_C_052,Gelidium,ALGAS MARINAS,NA,NA
MX_C_052,Gelidium,ALGAS MARINAS,NA,NA
MX_C_052,Gelidium,ALGAS MARINAS,NA,NA
MX_C_007,Gelidium robustum,SARGAZO ROJO,NA,NA
MX_C_007,Gelidium robustum,SARGAZO ROJO,NA,NA
MX_C_007,Gelidium robustum,SARGAZO ROJO,NA,NA
MX_C_007,Gelidium robustum,SARGAZO ROJO,NA,NA
MX_C_007,Gelidium robustum,SARGAZO ROJO,NA,NA
MX_C_007,Gelidium robustum,SARGAZO ROJO,NA,NA
MX_C_007,Gelidium robustum,SARGAZO ROJO,NA,NA
MX_C_007,Gelidium robustum,SARGAZO ROJO,NA,NA
MX_C_007,Gelidium robustum,SARGAZO ROJO,NA,NA
MX_C_007,Gelidium robustum,SARGAZO ROJO,NA,NA
MX_C_007,Gelidium robustum,SARGAZO ROJO,NA,NA
MX_C_007,Gelidium robustum,SARGAZO ROJO,NA,NA
MX_C_007,Gelidium robustum,SARGAZO ROJO,NA,NA
MX_C_007,Gelidium robustum,SARGAZO ROJO,NA,NA
MX_C_007,Gelidium robustum,SARGAZO ROJO,NA,NA
MX_C_007,Gelidium robustum,SARGAZO ROJO,NA,NA
MX_C_007,Gelidium robustum,SARGAZO ROJO,NA,NA
MX_C_007,Gelidium robustum,SARGAZO ROJO,NA,NA
MX_C_007,Gelidium robustum,SARGAZO ROJO,NA,NA
MX_C_007,Gelidium robustum,SARGAZO ROJO,NA,NA
MX_C_007,Gelidium robustum,SARGAZO ROJO,NA,NA
MX_C_007,Gelidium robustum,SARGAZO ROJO,NA,NA
MX_C_007,Gelidium robustum,SARGAZO ROJO,NA,NA
MX_C_018,Gelidium robustum,SARGAZO ROJO,NA,NA
MX_C_031,Gelidium robustum,SARGAZO ROJO,NA,NA
MX_C_032,Gelidium robustum,SARGAZO ROJO,NA,NA
MX_C_024,Haliotis corrugata,ABULON AMARILLO,NA,NA
MX_C_024,Haliotis flugens,ABULON AZUL,NA,NA
MX_C_009,Haliotis spp.,ABULON,NA,NA
MX_C_025,Haliotis spp.,ABULON,NA,NA
MX_C_022,Haliotis spp.,ABULON,NA,NA
MX_C_018,Haliotis spp.,ABULON,NA,NA
MX_C_031,Haliotis spp.,ABULON,NA,NA
MX_C_032,Haliotis spp.,ABULON,NA,NA
MX_C_029,Haliotis spp.,ABULON,NA,NA
MX_C_041,Litopenaeus stylirostris,CAMARON AZUL,NA,NA
MX_C_037,Litopenaeus stylirostris,CAMARON AZUL,NA,NA
MX_C_003,Litopenaeus stylirostris,CAMARON AZUL,NA,NA
MX_C_051,Litopenaeus stylirostris,CAMARON AZUL,NA,NA
MX_C_047,Litopenaeus stylirostris,CAMARON AZUL,NA,NA
MX_C_210,Macrobrachium carcinus,LANGOSTINO,NA,NA
MX_C_210,Macrobrachium spp.,ACAMAYA,NA,NA
MX_C_208,Macrobrachium spp.,ACAMAYA,NA,NA
MX_C_022,Melongena Patula,CARACOL BURRO,NA,NA
MX_C_024,Panuliru interruptus,LANGOSTA ROJA,NA,NA
MX_C_027,Panuliru interruptus,LANGOSTA ROJA,NA,NA
MX_C_066,Panulirus argus,LANGOSTA DEL CARIBE,NA,NA
MX_C_065,Panulirus argus,LANGOSTA DEL CARIBE,NA,NA
MX_C_068,Panulirus argus,LANGOSTA DEL CARIBE,NA,NA
MX_C_067,Panulirus argus,LANGOSTA DEL CARIBE,NA,NA
MX_C_064,Panulirus argus,LANGOSTA DEL CARIBE,NA,NA
MX_C_063,Panulirus argus,LANGOSTA DEL CARIBE,NA,NA
MX_C_062,Panulirus argus,LANGOSTA DEL CARIBE,NA,NA
MX_C_061,Panulirus argus,LANGOSTA DEL CARIBE,NA,NA
MX_C_217,Panulirus argus,LANGOSTA DEL CARIBE,NA,NA
MX_C_216,Panulirus argus,LANGOSTA DEL CARIBE,NA,NA
MX_C_215,Panulirus argus,LANGOSTA DEL CARIBE,NA,NA
MX_C_214,Panulirus argus,LANGOSTA DEL CARIBE,NA,NA
MX_C_213,Panulirus argus,LANGOSTA DEL CARIBE,NA,NA
MX_C_026,Panulirus gracilis,LANGOSTA VERDE,NA,NA
MX_C_024,Panulirus inflatus,LANGOSTA AZUL,NA,NA
MX_C_027,Panulirus inflatus,LANGOSTA AZUL,NA,NA
MX_C_026,Panulirus inflatus,LANGOSTA AZUL,NA,NA
MX_C_009,Panulirus spp.,LANGOSTA,NA,NA
MX_C_025,Panulirus spp.,LANGOSTA,NA,NA
MX_C_022,Panulirus spp.,LANGOSTA,NA,NA
MX_C_029,Panulirus spp.,LANGOSTA,NA,NA
MX_C_041,Penaeus aztecus,CAMARON CAFE,NA,NA
MX_C_039,Penaeus aztecus,CAMARON CAFE,NA,NA
MX_C_037,Penaeus aztecus,CAMARON CAFE,NA,NA
MX_C_003,Penaeus aztecus,CAMARON CAFE,NA,NA
MX_C_051,Penaeus aztecus,CAMARON CAFE,NA,NA
MX_C_047,Penaeus aztecus,CAMARON CAFE,NA,NA
MX_C_002,Penaeus spp.,CAMARON DE ESTERO,NA,NA
MX_C_002,Penaeus spp.,CAMARON DE ESTERO,NA,NA
MX_C_057,Penaeus spp.,CAMARON DE ESTERO,NA,NA
MX_C_046,Penaeus spp.,CAMARON DE ESTERO,NA,NA
MX_C_045,Penaeus spp.,CAMARON DE ESTERO,NA,NA
MX_C_044,Penaeus spp.,CAMARON DE ESTERO,NA,NA
MX_C_043,Penaeus spp.,CAMARON DE ESTERO,NA,NA
MX_C_004,Penaeus spp.,CAMARON DE ESTERO,NA,NA
MX_C_055,Penaeus spp.,CAMARON DE ESTERO,NA,NA
MX_C_036,Penaeus spp.,CAMARON DE ESTERO,NA,NA
MX_C_035,Penaeus spp.,CAMARON DE ESTERO,NA,NA
MX_C_034,Penaeus spp.,CAMARON DE ESTERO,NA,NA
MX_C_033,Penaeus spp.,CAMARON DE ESTERO,NA,NA
MX_C_002,Penaeus spp.,CAMARON DE ESTERO,NA,NA
MX_C_040,Penaeus spp.,CAMARON DE ESTERO,NA,NA
MX_C_054,Penaeus spp.,CAMARON DE ESTERO,NA,NA
MX_C_052,Penaeus spp.,CAMARON DE ESTERO,NA,NA
MX_C_050,Penaeus spp.,CAMARON DE ESTERO,NA,NA
MX_C_060,Penaeus spp.,CAMARON DE ESTERO,NA,NA
MX_C_098,Penaeus spp.,CAMARON DE ESTERO,NA,NA
MX_C_089,Penaeus spp.,CAMARON DE ESTERO,NA,NA
MX_C_088,Penaeus spp.,CAMARON DE ESTERO,NA,NA
MX_C_086,Penaeus spp.,CAMARON DE ESTERO,NA,NA
MX_C_085,Penaeus spp.,CAMARON DE ESTERO,NA,NA
MX_C_083,Penaeus spp.,CAMARON DE ESTERO,NA,NA
MX_C_082,Penaeus spp.,CAMARON DE ESTERO,NA,NA
MX_C_081,Penaeus spp.,CAMARON DE ESTERO,NA,NA
MX_C_080,Penaeus spp.,CAMARON DE ESTERO,NA,NA
MX_C_078,Penaeus spp.,CAMARON DE ESTERO,NA,NA
MX_C_097,Penaeus spp.,CAMARON DE ESTERO,NA,NA
MX_C_076,Penaeus spp.,CAMARON DE ESTERO,NA,NA
MX_C_075,Penaeus spp.,CAMARON DE ESTERO,NA,NA
MX_C_074,Penaeus spp.,CAMARON DE ESTERO,NA,NA
MX_C_073,Penaeus spp.,CAMARON DE ESTERO,NA,NA
MX_C_072,Penaeus spp.,CAMARON DE ESTERO,NA,NA
MX_C_071,Penaeus spp.,CAMARON DE ESTERO,NA,NA
MX_C_070,Penaeus spp.,CAMARON DE ESTERO,NA,NA
MX_C_069,Penaeus spp.,CAMARON DE ESTERO,NA,NA
MX_C_189,Penaeus spp.,CAMARON DE ESTERO,NA,NA
MX_C_188,Penaeus spp.,CAMARON DE ESTERO,NA,NA
MX_C_096,Penaeus spp.,CAMARON DE ESTERO,NA,NA
MX_C_187,Penaeus spp.,CAMARON DE ESTERO,NA,NA
MX_C_186,Penaeus spp.,CAMARON DE ESTERO,NA,NA
MX_C_185,Penaeus spp.,CAMARON DE ESTERO,NA,NA
MX_C_184,Penaeus spp.,CAMARON DE ESTERO,NA,NA
MX_C_183,Penaeus spp.,CAMARON DE ESTERO,NA,NA
MX_C_182,Penaeus spp.,CAMARON DE ESTERO,NA,NA
MX_C_181,Penaeus spp.,CAMARON DE ESTERO,NA,NA
MX_C_180,Penaeus spp.,CAMARON DE ESTERO,NA,NA
MX_C_179,Penaeus spp.,CAMARON DE ESTERO,NA,NA
MX_C_178,Penaeus spp.,CAMARON DE ESTERO,NA,NA
MX_C_095,Penaeus spp.,CAMARON DE ESTERO,NA,NA
MX_C_177,Penaeus spp.,CAMARON DE ESTERO,NA,NA
MX_C_176,Penaeus spp.,CAMARON DE ESTERO,NA,NA
MX_C_175,Penaeus spp.,CAMARON DE ESTERO,NA,NA
MX_C_174,Penaeus spp.,CAMARON DE ESTERO,NA,NA
MX_C_173,Penaeus spp.,CAMARON DE ESTERO,NA,NA
MX_C_172,Penaeus spp.,CAMARON DE ESTERO,NA,NA
MX_C_171,Penaeus spp.,CAMARON DE ESTERO,NA,NA
MX_C_170,Penaeus spp.,CAMARON DE ESTERO,NA,NA
MX_C_169,Penaeus spp.,CAMARON DE ESTERO,NA,NA
MX_C_168,Penaeus spp.,CAMARON DE ESTERO,NA,NA
MX_C_094,Penaeus spp.,CAMARON DE ESTERO,NA,NA
MX_C_167,Penaeus spp.,CAMARON DE ESTERO,NA,NA
MX_C_166,Penaeus spp.,CAMARON DE ESTERO,NA,NA
MX_C_165,Penaeus spp.,CAMARON DE ESTERO,NA,NA
MX_C_164,Penaeus spp.,CAMARON DE ESTERO,NA,NA
MX_C_163,Penaeus spp.,CAMARON DE ESTERO,NA,NA
MX_C_158,Penaeus spp.,CAMARON DE ESTERO,NA,NA
MX_C_155,Penaeus spp.,CAMARON DE ESTERO,NA,NA
MX_C_154,Penaeus spp.,CAMARON DE ESTERO,NA,NA
MX_C_153,Penaeus spp.,CAMARON DE ESTERO,NA,NA
MX_C_151,Penaeus spp.,CAMARON DE ESTERO,NA,NA
MX_C_093,Penaeus spp.,CAMARON DE ESTERO,NA,NA
MX_C_150,Penaeus spp.,CAMARON DE ESTERO,NA,NA
MX_C_147,Penaeus spp.,CAMARON DE ESTERO,NA,NA
MX_C_145,Penaeus spp.,CAMARON DE ESTERO,NA,NA
MX_C_144,Penaeus spp.,CAMARON DE ESTERO,NA,NA
MX_C_143,Penaeus spp.,CAMARON DE ESTERO,NA,NA
MX_C_142,Penaeus spp.,CAMARON DE ESTERO,NA,NA
MX_C_140,Penaeus spp.,CAMARON DE ESTERO,NA,NA
MX_C_139,Penaeus spp.,CAMARON DE ESTERO,NA,NA
MX_C_136,Penaeus spp.,CAMARON DE ESTERO,NA,NA
MX_C_135,Penaeus spp.,CAMARON DE ESTERO,NA,NA
MX_C_092,Penaeus spp.,CAMARON DE ESTERO,NA,NA
MX_C_134,Penaeus spp.,CAMARON DE ESTERO,NA,NA
MX_C_130,Penaeus spp.,CAMARON DE ESTERO,NA,NA
MX_C_129,Penaeus spp.,CAMARON DE ESTERO,NA,NA
MX_C_128,Penaeus spp.,CAMARON DE ESTERO,NA,NA
MX_C_127,Penaeus spp.,CAMARON DE ESTERO,NA,NA
MX_C_125,Penaeus spp.,CAMARON DE ESTERO,NA,NA
MX_C_124,Penaeus spp.,CAMARON DE ESTERO,NA,NA
MX_C_123,Penaeus spp.,CAMARON DE ESTERO,NA,NA
MX_C_122,Penaeus spp.,CAMARON DE ESTERO,NA,NA
MX_C_121,Penaeus spp.,CAMARON DE ESTERO,NA,NA
MX_C_091,Penaeus spp.,CAMARON DE ESTERO,NA,NA
MX_C_120,Penaeus spp.,CAMARON DE ESTERO,NA,NA
MX_C_119,Penaeus spp.,CAMARON DE ESTERO,NA,NA
MX_C_118,Penaeus spp.,CAMARON DE ESTERO,NA,NA
MX_C_117,Penaeus spp.,CAMARON DE ESTERO,NA,NA
MX_C_116,Penaeus spp.,CAMARON DE ESTERO,NA,NA
MX_C_115,Penaeus spp.,CAMARON DE ESTERO,NA,NA
MX_C_114,Penaeus spp.,CAMARON DE ESTERO,NA,NA
MX_C_113,Penaeus spp.,CAMARON DE ESTERO,NA,NA
MX_C_112,Penaeus spp.,CAMARON DE ESTERO,NA,NA
MX_C_110,Penaeus spp.,CAMARON DE ESTERO,NA,NA
MX_C_090,Penaeus spp.,CAMARON DE ESTERO,NA,NA
MX_C_109,Penaeus spp.,CAMARON DE ESTERO,NA,NA
MX_C_108,Penaeus spp.,CAMARON DE ESTERO,NA,NA
MX_C_107,Penaeus spp.,CAMARON DE ESTERO,NA,NA
MX_C_106,Penaeus spp.,CAMARON DE ESTERO,NA,NA
MX_C_105,Penaeus spp.,CAMARON DE ESTERO,NA,NA
MX_C_104,Penaeus spp.,CAMARON DE ESTERO,NA,NA
MX_C_103,Penaeus spp.,CAMARON DE ESTERO,NA,NA
MX_C_102,Penaeus spp.,CAMARON DE ESTERO,NA,NA
MX_C_100,Penaeus spp.,CAMARON DE ESTERO,NA,NA
MX_C_192,Penaeus spp.,CAMARON DE ESTERO,NA,NA
MX_C_126,Penaeus spp.,CAMARON DE ESTERO,NA,NA
MX_C_191,Penaeus spp.,CAMARON DE ESTERO,NA,NA
MX_C_190,Penaeus spp.,CAMARON DE ESTERO,NA,NA
MX_C_149,Penaeus spp.,CAMARON DE ESTERO,NA,NA
MX_C_148,Penaeus spp.,CAMARON DE ESTERO,NA,NA
MX_C_146,Penaeus spp.,CAMARON DE ESTERO,NA,NA
MX_C_138,Penaeus spp.,CAMARON DE ESTERO,NA,NA
MX_C_137,Penaeus spp.,CAMARON DE ESTERO,NA,NA
MX_C_132,Penaeus spp.,CAMARON DE ESTERO,NA,NA
MX_C_211,Penaeus spp.,CAMARON,NA,NA
MX_C_199,Penaeus spp.,CAMARON,NA,NA
MX_C_196,Penaeus spp.,CAMARON,NA,NA
MX_C_195,Penaeus spp.,CAMARON,NA,NA
MX_C_193,Penaeus spp.,CAMARON,NA,NA
MX_C_203,Penaeus spp.,CAMARON,NA,NA
MX_C_210,Penaeus spp.,CAMARON,NA,NA
MX_C_209,Penaeus spp.,CAMARON,NA,NA
MX_C_208,Penaeus spp.,CAMARON,NA,NA
MX_C_206,Penaeus spp.,CAMARON,NA,NA
MX_C_204,Penaeus spp.,CAMARON,NA,NA
MX_C_201,Penaeus spp.,CAMARON,NA,NA
MX_C_041,Penaeus vannamei,CAMARON BLANCO,NA,NA
MX_C_037,Penaeus vannamei,CAMARON BLANCO,NA,NA
MX_C_003,Penaeus vannamei,CAMARON BLANCO,NA,NA
MX_C_051,Penaeus vannamei,CAMARON BLANCO,NA,NA
MX_C_047,Penaeus vannamei,CAMARON BLANCO,NA,NA
MX_C_012,Strongylocentrotus franclscanus,ERIZO ROJO,NA,NA
MX_C_012,Strongylocentrotus franclscanus,ERIZO ROJO,NA,NA
MX_C_010,Strongylocentrotus franclscanus,ERIZO ROJO,NA,NA
MX_C_012,Strongylocentrotus pupuratus,ERIZO MORADO,NA,NA
MX_C_012,Strongylocentrotus pupuratus,ERIZO MORADO,NA,NA
MX_C_010,Strongylocentrotus pupuratus,ERIZO MORADO,NA,NA
MX_C_009,Tlvela stuitorum,ALMEJA PISMO,NA,NA
MX_C_029,Tlvela stuitorum,ALMEJA PISMO,NA,NA
MX_C_008,Tlvela stuítorum,ALMEJA PISMO,NA,NA
MX_C_009,NA,ALMEJA PATA DE MULA,NA,NA
MX_C_011,NA,NODATA,NA,NA
MX_C_017,NA,NODATA,NA,NA
MX_C_212,NA,NODATA,NA,NA
MX_C_020,NA,NODATA,NA,NA
MX_C_018,NA,CARACOL PANOCHA,NA,NA
MX_C_018,NA,CANGREJO,NA,NA
MX_C_018,NA,PEPINO DE MAR,NA,NA
MX_C_006,NA,NODATA,NA,NA
MX_C_031,NA,CARACOL PANOCHA,NA,NA
MX_C_031,NA,CANGREJO,NA,NA
MX_C_031,NA,PEPINO DE MAR,NA,NA
MX_C_031,NA,PULPO,NA,NA
MX_C_032,NA,CARACOL PANOCHA,NA,NA
MX_C_032,NA,CANGREJO,NA,NA
MX_C_032,NA,PEPINO DE MAR,NA,NA
MX_C_032,NA,PULPO,NA,NA
MX_C_030,NA,NODATA,NA,NA
MX_C_029,NA,CARACOL PANOCHA,NA,NA
MX_C_041,NA,ESCAMA ESTUARINA,NA,NA
MX_C_037,NA,ESCAMA ESTUARINA,NA,NA
MX_C_003,NA,ESCAMA GENERAL,NA,NA
MX_C_051,NA,ESCAMA ESTUARINA,NA,NA
MX_C_047,NA,ESCAMA ESTUARINA,NA,NA
MX_C_060,NA,ESCAMA GENERAL,NA,NA
MX_C_199,NA,ESCAMA GENERAL,NA,NA
MX_C_198,NA,OSTION,NA,NA
MX_C_196,NA,ESCAMA ESTUARINA,NA,NA
MX_C_203,NA,ESCAMA ESTUARINA,NA,NA
MX_C_210,NA,ESCAMA ESTUARINA,NA,NA
MX_C_209,NA,ESCAMA ESTUARINA,NA,NA
MX_C_208,NA,ESCAMA ESTUARINA,NA,NA
MX_C_206,NA,ESCAMA ESTUARINA,NA,NA
MX_C_204,NA,ESCAMA ESTUARINA,NA,NA
MX_C_201,NA,ESCAMA GENERAL,NA,NA
